source_index,Molecule,Isomer,Metal,split
16,C10H10O6,12PhenylenedioxodiethanoicacidC6H4OCH2COOH2,Nd+++,train
30,C10H12N2O4,2PyridylmethyliminodiethanoicacidC5H4NCH2NCH2COOH2,Nd+++,train
39,C10H12N4O5,Hypoxanthine9betaDribofuranoside,Nd+++,train
45,C10H14N5O7P,Adenosine5monophosphoricacid5Adenylicacid,Nd+++,train
53,C10H14N5O7P,Adenosine5monophosphoricacid5Adenylicacid,Nd+++,test
70,C10H16N2O8_1,12DiaminoethaneNNNNtetraethanoicacidSequestricacid,Nd+++,test
71,C10H16N2O8_1,12DiaminoethaneNNNNtetraethanoicacidSequestricacid,Nd+++,calibration_global
72,C10H16N2O8_1,12DiaminoethaneNNNNtetraethanoicacidSequestricacid,Nd+++,train
110,C10H16N2O8_1,12DiaminoethaneNNNNtetraethanoicacidSequestricacid,Nd+++,calibration_local
111,C10H16N2O8_1,12DiaminoethaneNNNNtetraethanoicacidSequestricacid,Nd+++,train
112,C10H16N2O8_1,12DiaminoethaneNNNNtetraethanoicacidSequestricacid,Nd+++,calibration_global
113,C10H16N2O8_1,12DiaminoethaneNNNNtetraethanoicacidSequestricacid,Nd+++,calibration_global
138,C10H16N2O8_1,12DiaminoethaneNNNNtetraethanoicacidSequestricacid,Nd+++,train
139,C10H16N2O8_1,12DiaminoethaneNNNNtetraethanoicacidSequestricacid,Nd+++,train
153,C10H16N2O8_1,12DiaminoethaneNNNNtetraethanoicacidSequestricacid,Nd+++,calibration_local
165,C10H16N2O8_2,12DiaminoethaneNNdi14butanedioicacidCH2NHCHCOOHCH2COOH2,Nd+++,train
166,C10H16N2O8_2,12DiaminoethaneNNdi14butanedioicacidCH2NHCHCOOHCH2COOH2,Nd+++,test
188,C10H16N2O8_2,12DiaminoethaneNNdi14butanedioicacidCH2NHCHCOOHCH2COOH2,Nd+++,train
189,C10H16N2O8_2,12DiaminoethaneNNdi14butanedioicacidCH2NHCHCOOHCH2COOH2,Nd+++,calibration_global
190,C10H16N2O8_2,12DiaminoethaneNNdi14butanedioicacidCH2NHCHCOOHCH2COOH2,Nd+++,calibration_local
210,C10H16N5O13P3,Adenosine5triphosphoricacid,Nd+++,calibration_local
211,C10H16N5O13P3,Adenosine5triphosphoricacid,Nd+++,calibration_global
221,C10H16N5O13P3,Adenosine5triphosphoricacid,Nd+++,train
229,C10H16N5O13P3,Adenosine5triphosphoricacid,Nd+++,test
234,C10H17N2O10P,Bisbiscarboxymethylaminomethylphosphinicacid,Nd+++,train
242,C10H17N3O6S,Glutamylcysteinylglycine,Nd+++,train
253,C10H18N2O7,NHydroxyethyldiaminoethaneNNNtriethanoicacid,Nd+++,train
259,C10H18N2O7,NHydroxyethyldiaminoethaneNNNtriethanoicacid,Nd+++,calibration_global
275,C10H18N2O7,NHydroxyethyldiaminoethaneNNNtriethanoicacid,Nd+++,calibration_local
276,C10H18N2O7,NHydroxyethyldiaminoethaneNNNtriethanoicacid,Nd+++,test
286,C10H18O2,Decane24dioneCH3COCH2COCH25CH3,Nd+++,train
291,C10H19N3O4_2,LeucylglycylglycineH2NCHCH2CHCH32CONHCH2CONHCH2COOH,Nd+++,train
296,C10H19N3O4_2,LeucylglycylglycineH2NCHCH2CHCH32CONHCH2CONHCH2COOH,Nd+++,test
319,C10H26N4O6P2,14710Tetraazacyclododecane17bismethanephosphonicacid,Nd+++,train
329,C10H6O8,Benzene1245tetracarboxylicacidC6H2COOH4,Nd+++,train
342,C10H7NO2_1,1Nitroso2naphtholalphaNitrosobetanaphthol,Nd+++,train
361,C10H7NO2_3,Quinoline2carboxylicacid,Nd+++,train
369,C10H7NO2_4,Quinoline8carboxylicacid,Nd+++,train
381,C10H7NO5S_1,1Nitroso2hydroxynaphalene7sulfonicacid,Nd+++,train
394,C10H7NO5S_2,1Nitroso2hydroxynaphthalene6sulfonicacid,Nd+++,train
395,C10H7NO5S_2,1Nitroso2hydroxynaphthalene6sulfonicacid,Nd+++,test
406,C10H7NO5S_3,2Nitroso1hydroxynaphthalene4sulfonicacid,Nd+++,train
417,C10H7NO5S_4,2Nitroso1hydroxynaphthalene8sulfonicacid,Nd+++,train
422,C10H7NO5S_5,2Nitroso1hydroxynaphthalene5sulfonicacid,Nd+++,train
430,C10H7NO8S2_1,1Nitroso2hydroxynaphthalene36disulfonicacid,Nd+++,train
437,C10H7NO8S2_2,2Nitroso1hydroxynaphthalene46disulfonicacid,Nd+++,train
444,C10H7NO8S2_3,2Nitroso1hydroxynaphthalene47disulfonicacid,Nd+++,train
456,C10H8N2,22BipyridineC5H4N2,Nd+++,train
468,C10H8O5S,23Dihydroxynaphthalene6sulfonicacid,Nd+++,train
469,C10H8O5S,23Dihydroxynaphthalene6sulfonicacid,Nd+++,test
479,C10H8O8S2,18Dihydroxynaphthalene36disulfonicacid,Nd+++,train
487,C10H9N3O2S,22Thiazolylazo4methoxyphenolCH3OC6H3OHNNC3H2N2,Nd+++,train
494,C10H9NO4S,2Methyl8hydroxyquinoline5sulfonicacid,Nd+++,train
518,C11H12N2O2,2Amino33indolylpropanoicacidH2NCHCH2C8H6NCOOH,Nd+++,calibration_global
519,C11H12N2O2,2Amino33indolylpropanoicacidH2NCHCH2C8H6NCOOH,Nd+++,test
525,C11H12N2O2,2Amino33indolylpropanoicacidH2NCHCH2C8H6NCOOH,Nd+++,train
530,C11H13NO3,N12Hydroxyphenylethylidenebetaalanine,Nd+++,train
538,C11H13NO4S,NAcetylacetonylideneorthanilicacidHO3SC6H4NCCH3CH2COCH3,Nd+++,train
557,C11H13NO5,N2HydroxybenzyliminodiethanoicacidHOC6H4CH2NCH2COOH2,Nd+++,test
558,C11H13NO5,N2HydroxybenzyliminodiethanoicacidHOC6H4CH2NCH2COOH2,Nd+++,train
579,C11H14N2O4,N6Methyl2pyridylmethyliminodiethanoicacidCH3C5H3NCH2NCH2COOH2,Nd+++,train
615,C11H18N2O8_1,12DiaminopropaneNNNNtetraethanoicacid,Nd+++,calibration_global
616,C11H18N2O8_1,12DiaminopropaneNNNNtetraethanoicacid,Nd+++,train
617,C11H18N2O8_1,12DiaminopropaneNNNNtetraethanoicacid,Nd+++,test
618,C11H18N2O8_1,12DiaminopropaneNNNNtetraethanoicacid,Nd+++,calibration_local
646,C11H18N2O8_2,13DiaminopropaneNNNNtetraethanoicacidHOOCCH22NCH22CH2,Nd+++,train
647,C11H18N2O8_2,13DiaminopropaneNNNNtetraethanoicacidHOOCCH22NCH22CH2,Nd+++,test
663,C11H18N2O8_3,13DiaminopropaneNNdi14butanedioicacid,Nd+++,train
676,C11H18N2O9_1,13Diamino2hydroxypropaneNNNNtetraethanoicacid,Nd+++,train
689,C11H18N2O9_1,13Diamino2hydroxypropaneNNNNtetraethanoicacid,Nd+++,test
702,C11H18N2O9_2,2Hydroxy13diaminopropaneNNdi14butanedioicacid,Nd+++,train
731,C11H8O6S_3,1Hydroxy4sulfo2naphthoicacid,Nd+++,train
741,C11H8O6S_4,3Hydroxy7sulfo2naphthoicacid,Nd+++,train
750,C11H8O9S2,1Hydroxy47disulfo2naphthoicacid,Nd+++,train
757,C11H9N3O2,42Pyridylazo13dihydroxybenzeneC5H4NNNC6H3OH2,Nd+++,test
769,C11H9N3O2,42Pyridylazo13dihydroxybenzeneC5H4NNNC6H3OH2,Nd+++,train
786,C12H12N2O3,1Ethyl14dihydro7methyl4oxo18naphthyridine3carboxylicacid,Nd+++,train
799,C12H12NO3Cl,2Chloro4dimethylaminobenzylidenepyruvicacidCH32NC6H3ClCHCHCOCOOH,Nd+++,train
812,C12H13NO3,4DimethylaminobenzylidenepyruvicacidCH32NC6H4CHCHCOCOOH,Nd+++,train
823,C12H16O7S,23Benzo14710tetraoxacyclododeca2ene4sulfonicacid,Nd+++,train
836,C12H18N2O5S,2Nitroso5Npropyl3sulfopropylaminophenol,Nd+++,train
858,C12H18N2O8_2,trans12DiaminocyclohexaneNNdipropanedioicacid,Nd+++,test
859,C12H18N2O8_2,trans12DiaminocyclohexaneNNdipropanedioicacid,Nd+++,train
875,C12H18N2O8_3,14Dioxa710diazayclododecane512dione710diethanoicacid,Nd+++,train
889,C12H20N2O8_1,12DiaminobutaneNNNNtetraethanoicacidHOOCCH22NCH2CHC2H5NCH2COOH2,Nd+++,train
912,C12H20N2O8_2,12DiaminoethaneNNdi2pentane15dioicacidCH2NHCHCOOHCH2CH2COOH2,Nd+++,test
913,C12H20N2O8_2,12DiaminoethaneNNdi2pentane15dioicacidCH2NHCHCOOHCH2CH2COOH2,Nd+++,train
914,C12H20N2O8_2,12DiaminoethaneNNdi2pentane15dioicacidCH2NHCHCOOHCH2CH2COOH2,Nd+++,calibration_global
933,C12H20N2O8_3,12DiaminoethaneNNdiethanoicNNdi2propanoicacid,Nd+++,train
944,C12H20N2O8_4,DL23DiaminobutaneNNNNtetraethanoicacidHOOCCH22NCHCH3CHCH3NCH2COOH2,Nd+++,test
957,C12H20N2O8_4,DL23DiaminobutaneNNNNtetraethanoicacidHOOCCH22NCHCH3CHCH3NCH2COOH2,Nd+++,train
969,C12H20N2O8_5,meso23DiaminobutaneNNNNtetraethanoicacidHOOCCH22NCHCH3CHCH3NCH2COOH2,Nd+++,train
982,C12H20N2O8_6,12DiaminoethaneNNdiethanoicNNdipropanoicacid,Nd+++,test
994,C12H20N2O8_6,12DiaminoethaneNNdiethanoicNNdipropanoicacid,Nd+++,train
1015,C12H20N2O8S,22ThiobisethyliminodiethanoicacidSCH2CH2NCH2COOH22,Nd+++,train
1028,C12H20N2O9,OxabisethyleneiminodiethanoicacidHOOCCH22NCH2CH22O,Nd+++,train
1041,C12H20O8N2,2Methyl12diaminopropaneNNNNtetraethanoicacidHOOCCH22NCH2CCH32NCH2COOH2,Nd+++,train
1056,C12H21N3O6,147TriazacyclononaneNNNtriethanoicacid,Nd+++,train
1062,C12H21NO6,1Carboxy1aminoheptaneNNdiethanoicacidHOOCCHC6H13NCH2COOH2,Nd+++,train
1075,C12H24N4O4,14710Tetraazacyclododecane17bisethanoicacid,Nd+++,train
1085,C12H24O6,147101316Hexaoxacyclooctadecane,Nd+++,train
1097,C12H28N2O9P2,1410Trioxa713diazacyclopentadecane713diyldimethylenediphosphonicacid,Nd+++,train
1108,C12H30N6,147101316HexaazacyclooctadecanecycloNHCH2CH26,Nd+++,test
1119,C12H30N6,147101316HexaazacyclooctadecanecycloNHCH2CH26,Nd+++,train
1125,C12H8N2,110Phenanthroline,Nd+++,train
1128,C13H11NO2,NPhenylbenzohydroxamicacidC6H5CONC6H5OH,Nd+++,train
1130,C13H11NO4S,2Phenyliminomethyphenol4sulfonicacid,Nd+++,train
1140,C13H19NO3,212Hydroxyphenylethylimine3methylbutanoicacid,Nd+++,train
1149,C13H20N2O8,trans13Cyclopentanediaminotetraethanoicacid,Nd+++,train
1161,C13H22N2O8_1,12DiaminopentaneNNNNtetraethanoicacidHOOCCH22NCH2CHC3H7NCH2COOH2,Nd+++,train
1174,C13H22N2O8_2,24DiaminopentaneNNNNtetraethanoicacidHOOCCH22NCHCH3CH2CHCH3NCH2COOH2,Nd+++,train
1187,C13H22N2O8_3,3Methyl12diaminobutaneNNNNtetraethanoicacid,Nd+++,train
1200,C13H22N2O8_4,PentamethylenedinitrilotetraethanoicacidHOOCCH22NCH2CH22CH2,Nd+++,train
1213,C13H22N2O9,Bis2aminoethyletherNNNtriethanoicacidN3propanoicacid,Nd+++,train
1231,C13H9FO2S,12Thienyl3fluoro2hydroxyphenylprop1one2eneC4H3SCHCHCOC6H3OHF,Nd+++,train
1238,C14H10NO2F,12Pyridyl33fluoro2hydroxyphenylprop1one2eneC5H4NCHCHCOC6H3OHF,Nd+++,train
1248,C14H13NO4S,2Aminobenzenesulfonicacid2hydroxyacetophenoneSchiffbaseHSO3C6H4NCCH3C6H4OH,Nd+++,train
1259,C14H15NO3,64Dimethylaminophenyl2oxo35hexadienoicacid,Nd+++,train
1271,C14H16N2O8,12DiaminobenzeneNNNNtetraethanoicacidC6H4NCH2COOH22,Nd+++,train
1285,C14H19NO7,16Nitro36912tetraoxabicyclo1231octadeca1181416trien18ol,Nd+++,train
1294,C14H20O5,23Benzo1471013pentaoxacyclopentadeca2ene,Nd+++,train
1302,C14H20O8S,23Benzo1471013pentaoxacyclopentadeca2ene4sulfonicacid,Nd+++,train
1314,C14H22N2O8_1,trans12DiaminocyclohexaneNNNNtetraethanoicacid,Nd+++,calibration_global
1336,C14H22N2O8_1,trans12DiaminocyclohexaneNNNNtetraethanoicacid,Nd+++,calibration_local
1337,C14H22N2O8_1,trans12DiaminocyclohexaneNNNNtetraethanoicacid,Nd+++,calibration_local
1338,C14H22N2O8_1,trans12DiaminocyclohexaneNNNNtetraethanoicacid,Nd+++,calibration_local
1359,C14H22N2O8_1,trans12DiaminocyclohexaneNNNNtetraethanoicacid,Nd+++,train
1360,C14H22N2O8_1,trans12DiaminocyclohexaneNNNNtetraethanoicacid,Nd+++,test
1379,C14H22N2O8_2,cis13DiaminocyclohexaneNNNNtetraethanoicacid,Nd+++,train
1391,C14H22N2O8_3,cis14DiaminocyclohexaneNNNNtetraethanoicacid,Nd+++,train
1402,C14H22N2O8_4,trans13DiaminocyclohexaneNNNNtetraethanoicacid,Nd+++,train
1420,C14H22N2O8_5,trans14DiaminocyclohexaneNNNNtetraethanoicacid,Nd+++,train
1421,C14H22N2O8_5,trans14DiaminocyclohexaneNNNNtetraethanoicacid,Nd+++,test
1433,C14H22N2O8_6,cis12DiaminocyclohexaneNNNNtetraethanoicacid,Nd+++,train
1443,C14H22N2O9,147Trioxa1013diazacyclopentadecane815dione1013diethanoicacid,Nd+++,train
1459,C14H23N3O10,DiethylenetriaminepentaethanoicacidHOOCCH2NCH2CH2NCH2COOH22,Nd+++,test
1470,C14H23N3O10,DiethylenetriaminepentaethanoicacidHOOCCH2NCH2CH2NCH2COOH22,Nd+++,calibration_global
1481,C14H23N3O10,DiethylenetriaminepentaethanoicacidHOOCCH2NCH2CH2NCH2COOH22,Nd+++,train
1499,C14H24N2O10_1,EthyleneglycolOObis2aminoethyletherNNNNtetraethanoicacid,Nd+++,calibration_local
1510,C14H24N2O10_1,EthyleneglycolOObis2aminoethyletherNNNNtetraethanoicacid,Nd+++,train
1511,C14H24N2O10_1,EthyleneglycolOObis2aminoethyletherNNNNtetraethanoicacid,Nd+++,calibration_global
1512,C14H24N2O10_1,EthyleneglycolOObis2aminoethyletherNNNNtetraethanoicacid,Nd+++,calibration_local
1513,C14H24N2O10_1,EthyleneglycolOObis2aminoethyletherNNNNtetraethanoicacid,Nd+++,test
1514,C14H24N2O10_1,EthyleneglycolOObis2aminoethyletherNNNNtetraethanoicacid,Nd+++,calibration_local
1525,C14H24N2O10_2,NNBis2hydroxyethaneNNethanediaminedibutanedioicacid,Nd+++,train
1534,C14H24N2O8_1,12DiaminoethaneNNdiethanoicNNdi2butyricacid,Nd+++,train
1547,C14H24N2O8_2,12DiaminohexaneNNNNtetraethanoicacidHOOCCH2NCH2CHC4H9NCH2COOH2,Nd+++,train
1560,C14H24N2O8_3,4Methyl12diaminopentaneNNNNtetraethanoicacidHOOCCH22NCH2CHNCH2COOH2CH2CHCH32,Nd+++,train
1573,C14H24N2O8_5,DiaminoethaneNNDiethylacetoNNdiethanoicacidCH2NCH2COOHCH2COOC2H52,Nd+++,train
1586,C14H24N2O9,Bis3dicarboxymethylaminopropylether,Nd+++,train
1606,C14H25N3O8,NNBis2aminoethylethylamineNNNNtetraethanoicacid,Nd+++,train
1621,C14H26N2O7,1410Trioxa713diazacyclopentadecaneNNdiethanoicacid,Nd+++,train
1645,C14H28N2O6,141013Tetraoxa716diazacyclooctadecane7ethanoicacid,Nd+++,train
1658,C14H32N2O10P2,141013Tetraoxa716diazacyclooctadecane716diyldimethylenediphosphonicacid,Nd+++,train
1667,C14H34N4O6P2,14710Tetraazacyclododecane17bismethanephosphonicacidmonoethylester,Nd+++,train
1669,C14H36N4O12P4,14711TetraazacyclotetradecaneNNNNtetramethylphosphonicacid,Nd+++,train
1680,C14H8O7S,12Dihydroxyanthraquinone3sulfonicacidAlizarinRedS,Nd+++,test
1681,C14H8O7S,12Dihydroxyanthraquinone3sulfonicacidAlizarinRedS,Nd+++,train
1693,C15H12OS,monoThiodibenzoylmethaneC6H5COCH2CSC6H5,Nd+++,train
1704,C15H20N2O6,NBenzyldiaminoethaneNNNtriethanoicacid,Nd+++,train
1719,C15H25N3O10,DiethylenetriamineNNNNtetraethanoicacidNpropanoicacid,Nd+++,train
1732,C15H26N4O9_1,DiethylenetriamineNNNNNpentaethanoicacidNmethylamide_1,Nd+++,train
1745,C15H26N4O9_2,DiethylenetriamineNNNNNpentaethanoicacidNmethylamide_2,Nd+++,train
1779,C16H18N4,NNDimethyl110phenanthroline29dimethanamine,Nd+++,train
1805,C16H20N2O8,1PhenylethylenediamineNNNNtetraethanoicacidDL,Nd+++,train
1816,C16H23NO8_1,19Nitro3691215pentaoxabicyclo15131heneicosa1211719trien21ol,Nd+++,train
1821,C16H23NO8_2,234Nitrobenzo147101316hexaoxacyclooctadeca2ene4Nitrobenzo18crown6,Nd+++,train
1829,C16H24O9S,23Benzo14101316hexaoxacyclooctadeca2ene4sulfonicacid,Nd+++,train
1840,C16H26N2O10,14710Tetraoxa1316diazacyclooctadecane1118dione1316diethanoicacid,Nd+++,train
1856,C16H27N5O8_1,147Triscarboxymethyl1471013pentaazacyclopentadecan914dione,Nd+++,train
1869,C16H27N5O8_2,41013Triscarboxymethyl1471013pentaazacyclopentadeca815dione,Nd+++,train
1882,C16H28N2O8_3,12DiaminoethaneNNdiethanoicNNdi23methylbutanoicacid,Nd+++,train
1895,C16H28N2O8_4,12DiaminoethaneNNdiethanoicNNdi2pentanoicacid,Nd+++,train
1908,C16H28N2O8_5,12DiaminooctaneNNNNtetraethanoicacidHOOCCH22NCH2CHC6H13NCH2COOH2,Nd+++,train
1943,C16H28N4O8,14710Tetraazacyclododecane14710tetraethanoicacid,Nd+++,test
1944,C16H28N4O8,14710Tetraazacyclododecane14710tetraethanoicacid,Nd+++,train
1973,C16H30N2O8,141013Tetraoxa716diazacyclooctadecaneNNdiethanoicacid,Nd+++,train
2003,C16H32N8O4,14710Tetraazacyclododecane14710tetraacetamide,Nd+++,train
2019,C17H20N3O3F,1Ethyl6fluoro74methylpyperazine1yl4oxo14dihydroquinoline3carboxylicacid,Nd+++,train
2032,C17H23N4O4BrS,25Bromo2pyridylazo5Npropyl3sulfopropylaminophenol,Nd+++,train
2040,C17H24N4O6,36915Tetraazabicyclo931pentadeca1151113triene369triethanoicacid,Nd+++,train
2050,C17H29N3O10,Bis3biscarboxymethylaminopropylmethylammonioethanoate,Nd+++,train
2075,C18H18N4,Tris2pyridylmethylamineC5H4NCH23N,Nd+++,train
2088,C18H20N2O6_2,NNEthylenebis22hydroxyphenylglycineHOOCCHC6H4OHNHCH22,Nd+++,train
2096,C18H22N4O4,NNBis2pyridylmethyldiaminoethaneNNdiethanoicacid,Nd+++,train
2099,C18H24N6O9,NNNTris3hydroxyamino3oxopropyl135benzenetricarboxamideC6H3CONHCH2CH2CONHOH3,Nd+++,train
2109,C18H25N3O8,NNBis2aminoethylanilineNNNNtetraethanoicacid,Nd+++,train
2126,C18H30N2O11,1471013Pentaoxa1619diazacycloeicosane1421dione1619diethanoicacid,Nd+++,train
2138,C18H30N4O12,TriethylenetetraaminehexaethanoicacidHOOCCH22NCH2CH2NCH2COOHCH22,Nd+++,calibration_global
2152,C18H30N4O12,TriethylenetetraaminehexaethanoicacidHOOCCH22NCH2CH2NCH2COOHCH22,Nd+++,calibration_global
2153,C18H30N4O12,TriethylenetetraaminehexaethanoicacidHOOCCH22NCH2CH2NCH2COOHCH22,Nd+++,test
2154,C18H30N4O12,TriethylenetetraaminehexaethanoicacidHOOCCH22NCH2CH2NCH2COOHCH22,Nd+++,calibration_local
2170,C18H30N4O12,TriethylenetetraaminehexaethanoicacidHOOCCH22NCH2CH2NCH2COOHCH22,Nd+++,train
2183,C18H32N4O8,14811Tetraazacyclotetradecane14811tetraethanoicacid,Nd+++,test
2190,C18H32N4O8,14811Tetraazacyclotetradecane14811tetraethanoicacid,Nd+++,train
2203,C18H34N2O8,141013Tetraoxa716diazacyclooctadecane716di3propanoicacid,Nd+++,train
2215,C18H34N4O9,1023Dihydroxy1hydroxymethylpropyl14710tetraazacyclododecane147triethanoicac,Nd+++,train
2232,C18H40N2O10P2,141013Tetraoxa716diazacyclooctadecane716diyldimethylenediphosphonicacidbisEtester,Nd+++,train
2238,C19H14O7S,PyrocatecholViolet334Dihydroxyphenyl3hydroxy4oxo25cyclohexadien1ylidenemethylb,Nd+++,train
2262,C20H13N3O7S,11Hydroxy2naphthylazo6nitro2naphthol4sulfonicacid,Nd+++,train
2272,C20H14N2O11S3,34Sulfonaphthylazochromotropicacid,Nd+++,train
2281,C20H14N2O5S,11Hydroxy2naphthylazo2naphthol4sulfonicacidMordantBlack3EriochromeblueblackB,Nd+++,train
2285,C20H22N4O4,NNDipropionicacid2yl29diaminomethylphenanthroline,Nd+++,train
2300,C20H24N2O6,NNDi2hydroxybenzyldiaminoethaneNNdiethanoicacid,Nd+++,train
2310,C20H24O12S2,231112Dibenzo147101316hexaoxacyclooctadeca211diene44disulfonicacid,Nd+++,train
2326,C20H35N5O10_1,147Triscarboxymethyl1316dioxa1471019pentaazacycloheneicosa920dione,Nd+++,train
2340,C20H35N5O10_2,1471013PentaazacyclopentadecaneNNNNNpentaethanoicacid,Nd+++,train
2346,C20H37N5O10,NNBis2methoxyethylcarbamoylmethyldiethylenetriamine,Nd+++,train
2365,C22H17N4O14ClP2S2,27Bis4chloro2phosphophenylazochromotropicacid,Nd+++,train
2369,C22H19N3O4S,N34DiMe5isoxazolyl42hydroxy1naphthalenylmethyleneaminobenzenesulfonamide,Nd+++,train
2378,C22H24N2O10,12Bis2aminophenoxyethaneNNNNtetraethanoicacid,Nd+++,train
2394,C22H26N4O10,12BisoaminophenoxyethaneNNNNtetraethanoicacidHOOCCH22NCHOC6H4NH22,Nd+++,train
2405,C22H28O13S2,231112Dibenzo14710131619heptaoxacycloheneicosa211diene44disulfonicacid,Nd+++,train
2419,C22H30N4,NNBis11dimethylethyl110phenanthroline29dimethanamine,Nd+++,train
2437,C22H37N5O14,Tetraethylenepentamineheptaethanoicacid,Nd+++,test
2451,C22H37N5O14,Tetraethylenepentamineheptaethanoicacid,Nd+++,train
2458,C22H40N4O8,571214Tetramethyl14811tetraazacyclotetradecaneNNNNtetraethanoicacid,Nd+++,train
2465,C22H41N5O10,NNBismethyl2methoxyethylcarbamoylmethyldiethylenetriamine,Nd+++,train
2474,C24H29N3O12S3,123Tris2hydroxy5sulfobenzylaminopropane,Nd+++,train
2478,C24H30N4O4,NN110Phenanthroline29diylbismethylenebisvaline,Nd+++,train
2486,C24H32O14S2,231112Dibenzo1471013161922octaoxacyclotetracosa214diene44disulfonicacid,Nd+++,train
2494,C24H40N8O12,NNNN14710Tetraazacyclododecane14710tetrayltetra1oxo21ethanediyltetragly,Nd+++,train
2502,C24H42N6O12,147101316HexaazacyclooctadecaneNNNNNNhexaethanoicacid,Nd+++,train
2509,C24H45N5O12,NNBis2hydroxyethyl2methoxyethylcarbamoylmethyldiethylenetriamine,Nd+++,train
2513,C25H32N2O7,115Diaza341213dibenzo5811trioxacycloctadecaneNNdiethanoicacid,Nd+++,train
2526,C26H27N3O10,22Amino5methylphenoxymethyl6methoxy8aminoquinolineNNNNtetraethanoicacid,Nd+++,train
2536,C26H33N3O12S3,111Tris2hydroxy5sulfobenzylaminomethylethane,Nd+++,train
2553,C27H36N4O12S3,Tris2hydroxy5sulfobenzylaminoethylamine,Nd+++,train
2557,C27H45N3O6,NNN135BenzenetriyltrismethylenetrisLleucine,Nd+++,train
2563,C28H40N4O4,714Dimethyl512diphenyl14811tetraazacyclotetradecane18diethanoicacid,Nd+++,train
2583,C2H2O3,GlyoxylicacidOHCCOOH,Nd+++,train
2602,C2H2O4,EthanedioicacidCOOH2,Nd+++,train
2613,C2H2O4,EthanedioicacidCOOH2,Nd+++,test
2622,C2H3N3S2,2Amino5mercapto134thiadiazole,Nd+++,train
2658,C2H4O2,EthanoicacidCH3COOH,Nd+++,calibration_global
2659,C2H4O2,EthanoicacidCH3COOH,Nd+++,calibration_global
2660,C2H4O2,EthanoicacidCH3COOH,Nd+++,calibration_local
2661,C2H4O2,EthanoicacidCH3COOH,Nd+++,calibration_global
2662,C2H4O2,EthanoicacidCH3COOH,Nd+++,test
2663,C2H4O2,EthanoicacidCH3COOH,Nd+++,calibration_local
2664,C2H4O2,EthanoicacidCH3COOH,Nd+++,calibration_local
2665,C2H4O2,EthanoicacidCH3COOH,Nd+++,calibration_global
2680,C2H4O2,EthanoicacidCH3COOH,Nd+++,calibration_local
2681,C2H4O2,EthanoicacidCH3COOH,Nd+++,train
2691,C2H4O2S,MercaptoethanoicacidHSCH2COOH,Nd+++,test
2692,C2H4O2S,MercaptoethanoicacidHSCH2COOH,Nd+++,train
2693,C2H4O2S,MercaptoethanoicacidHSCH2COOH,Nd+++,calibration_global
2737,C2H4O3,2HydroxyethanoicacidHOCH2COOH,Nd+++,train
2738,C2H4O3,2HydroxyethanoicacidHOCH2COOH,Nd+++,calibration_local
2739,C2H4O3,2HydroxyethanoicacidHOCH2COOH,Nd+++,test
2740,C2H4O3,2HydroxyethanoicacidHOCH2COOH,Nd+++,calibration_local
2741,C2H4O3,2HydroxyethanoicacidHOCH2COOH,Nd+++,calibration_local
2742,C2H4O3,2HydroxyethanoicacidHOCH2COOH,Nd+++,calibration_local
2743,C2H4O3,2HydroxyethanoicacidHOCH2COOH,Nd+++,calibration_local
2744,C2H4O3,2HydroxyethanoicacidHOCH2COOH,Nd+++,calibration_global
2745,C2H4O3,2HydroxyethanoicacidHOCH2COOH,Nd+++,calibration_global
2765,C2H4O3,2HydroxyethanoicacidHOCH2COOH,Nd+++,calibration_global
2777,C2H5NO2_1,2AminoethanoicacidH2NCH2COOH,Nd+++,calibration_global
2778,C2H5NO2_1,2AminoethanoicacidH2NCH2COOH,Nd+++,calibration_local
2779,C2H5NO2_1,2AminoethanoicacidH2NCH2COOH,Nd+++,calibration_global
2780,C2H5NO2_1,2AminoethanoicacidH2NCH2COOH,Nd+++,calibration_global
2781,C2H5NO2_1,2AminoethanoicacidH2NCH2COOH,Nd+++,calibration_global
2782,C2H5NO2_1,2AminoethanoicacidH2NCH2COOH,Nd+++,calibration_local
2783,C2H5NO2_1,2AminoethanoicacidH2NCH2COOH,Nd+++,calibration_local
2795,C2H5NO2_1,2AminoethanoicacidH2NCH2COOH,Nd+++,calibration_local
2796,C2H5NO2_1,2AminoethanoicacidH2NCH2COOH,Nd+++,train
2805,C2H5NO2_1,2AminoethanoicacidH2NCH2COOH,Nd+++,test
2811,C2H5O2Cl2P,DichloromethylphosphinicacidClCH22POOH,Nd+++,train
2820,C2H8NO4P,2AminoethyldihydrogenphosphoricacidH2NCH2CH2OPO3H2,Nd+++,train
2841,C33H45N7O3,Tris62NNdiethylcarbamoylpyridylmethylamine,Nd+++,train
2849,C36H39N3O6,NNN135BenzenetriyltrismethylenetrisLphenylalanine,Nd+++,train
2859,C36H60O30,alphaCyclodextrinCyclohexaamylose,Nd+++,train
2865,C3H11NO6P2,DimethylaminoNmethylenediphosphonicacidCH32NCHPO3H22,Nd+++,train
2871,C3H12NO9P3,NitrilotrismethylenephosphonicacidNCH2PO3H23,Nd+++,train
2876,C3H4O2,PropenoicacidCH2CHCOOH,Nd+++,train
2886,C3H4O3,2OxopropanoicacidCH3COCOOH,Nd+++,train
2914,C3H4O4,PropanedioicacidCH2COOH2,Nd+++,calibration_local
2915,C3H4O4,PropanedioicacidCH2COOH2,Nd+++,calibration_local
2916,C3H4O4,PropanedioicacidCH2COOH2,Nd+++,train
2917,C3H4O4,PropanedioicacidCH2COOH2,Nd+++,calibration_global
2918,C3H4O4,PropanedioicacidCH2COOH2,Nd+++,calibration_local
2919,C3H4O4,PropanedioicacidCH2COOH2,Nd+++,calibration_global
2934,C3H4O4,PropanedioicacidCH2COOH2,Nd+++,calibration_global
2944,C3H4O4,PropanedioicacidCH2COOH2,Nd+++,test
2961,C3H4O6,DihydroxypropanedioicacidHOOCCOH2COOH,Nd+++,train
2984,C3H6O2,PropanoicacidCH3CH2COOH,Nd+++,calibration_global
2985,C3H6O2,PropanoicacidCH3CH2COOH,Nd+++,train
2986,C3H6O2,PropanoicacidCH3CH2COOH,Nd+++,test
3004,C3H6O2S,2MercaptopropanoicacidCH3CHSHCOOH,Nd+++,train
3005,C3H6O2S,2MercaptopropanoicacidCH3CHSHCOOH,Nd+++,test
3043,C3H6O3_1,L2HydroxypropanoicacidCH3CHOHCOOH,Nd+++,train
3044,C3H6O3_1,L2HydroxypropanoicacidCH3CHOHCOOH,Nd+++,calibration_global
3045,C3H6O3_1,L2HydroxypropanoicacidCH3CHOHCOOH,Nd+++,test
3046,C3H6O3_1,L2HydroxypropanoicacidCH3CHOHCOOH,Nd+++,calibration_local
3047,C3H6O3_1,L2HydroxypropanoicacidCH3CHOHCOOH,Nd+++,calibration_local
3048,C3H6O3_1,L2HydroxypropanoicacidCH3CHOHCOOH,Nd+++,calibration_local
3049,C3H6O3_1,L2HydroxypropanoicacidCH3CHOHCOOH,Nd+++,calibration_global
3050,C3H6O3_1,L2HydroxypropanoicacidCH3CHOHCOOH,Nd+++,calibration_global
3082,C3H6O3_2,3HydroxypropanoicacidHOCH2CH2COOH,Nd+++,test
3088,C3H6O3_2,3HydroxypropanoicacidHOCH2CH2COOH,Nd+++,train
3098,C3H6O3_3,MethoxyethanoicacidCH3OCH2COOH,Nd+++,train
3112,C3H7NO2_1,2AminopropanoicacidH2NCHCH3COOH,Nd+++,test
3113,C3H7NO2_1,2AminopropanoicacidH2NCHCH3COOH,Nd+++,calibration_global
3114,C3H7NO2_1,2AminopropanoicacidH2NCHCH3COOH,Nd+++,calibration_local
3115,C3H7NO2_1,2AminopropanoicacidH2NCHCH3COOH,Nd+++,train
3116,C3H7NO2_1,2AminopropanoicacidH2NCHCH3COOH,Nd+++,calibration_local
3117,C3H7NO2_1,2AminopropanoicacidH2NCHCH3COOH,Nd+++,calibration_global
3145,C3H7NO2_1,2AminopropanoicacidH2NCHCH3COOH,Nd+++,calibration_global
3146,C3H7NO2_1,2AminopropanoicacidH2NCHCH3COOH,Nd+++,calibration_global
3147,C3H7NO2_1,2AminopropanoicacidH2NCHCH3COOH,Nd+++,calibration_local
3160,C3H7NO2_1,2AminopropanoicacidH2NCHCH3COOH,Nd+++,calibration_local
3164,C3H7NO2_2,3AminopropanoicacidH2NCH2CH2COOH,Nd+++,calibration_global
3165,C3H7NO2_2,3AminopropanoicacidH2NCH2CH2COOH,Nd+++,train
3171,C3H7NO2_2,3AminopropanoicacidH2NCH2CH2COOH,Nd+++,test
3174,C3H7NO2S,2Amino3mercaptopropanoicacidH2NCHCH2SHCOOH,Nd+++,train
3179,C3H7NO3,2Amino3hydroxypropanoicacidH2NCHCH2OHCOOH,Nd+++,test
3186,C3H7NO3,2Amino3hydroxypropanoicacidH2NCHCH2OHCOOH,Nd+++,train
3225,C4H2O4,34Dihydroxy3cyclobutene12dione,Nd+++,train
3226,C4H2O4,34Dihydroxy3cyclobutene12dione,Nd+++,test
3257,C4H4O4_1,cisButenedioicacidHOOCCHCHCOOH,Nd+++,train
3258,C4H4O4_1,cisButenedioicacidHOOCCHCHCOOH,Nd+++,test
3259,C4H4O4_1,cisButenedioicacidHOOCCHCHCOOH,Nd+++,calibration_local
3260,C4H4O4_1,cisButenedioicacidHOOCCHCHCOOH,Nd+++,calibration_global
3261,C4H4O4_1,cisButenedioicacidHOOCCHCHCOOH,Nd+++,calibration_local
3297,C4H4O4_2,transButenedioicacidHOOCCHCHCOOH,Nd+++,test
3298,C4H4O4_2,transButenedioicacidHOOCCHCHCOOH,Nd+++,train
3315,C4H4O5,2OxosuccinicacidOxalaceticacidHOOCCH2COCOOH,Nd+++,train
3321,C4H5NO5,OxalohydroxamicacidHOOCCOCH2CONHOH,Nd+++,train
3324,C4H5O4Cl,ChlorosuccinicacidHOOCCHClCH2COOH,Nd+++,train
3328,C4H6O2_1,But2enoicacidCH3CHCHCOOH,Nd+++,test
3329,C4H6O2_1,But2enoicacidCH3CHCHCOOH,Nd+++,train
3341,C4H6O2_2,2MethylpropenoicacidCH2CCH3COOH,Nd+++,train
3345,C4H6O4_1,MethylpropanedioicacidHOOCCHCH3COOH,Nd+++,test
3354,C4H6O4_1,MethylpropanedioicacidHOOCCHCH3COOH,Nd+++,train
3369,C4H6O4_2,14ButanedioicacidHOOCCH2CH2COOH,Nd+++,calibration_local
3370,C4H6O4_2,14ButanedioicacidHOOCCH2CH2COOH,Nd+++,test
3371,C4H6O4_2,14ButanedioicacidHOOCCH2CH2COOH,Nd+++,train
3372,C4H6O4_2,14ButanedioicacidHOOCCH2CH2COOH,Nd+++,calibration_global
3395,C4H6O4S_1,2Mercaptosuccinicacid2Sulfanyl14butanedioicacidHOOCCHSHCH2COOH,Nd+++,train
3396,C4H6O4S_1,2Mercaptosuccinicacid2Sulfanyl14butanedioicacidHOOCCHSHCH2COOH,Nd+++,test
3397,C4H6O4S_1,2Mercaptosuccinicacid2Sulfanyl14butanedioicacidHOOCCHSHCH2COOH,Nd+++,calibration_global
3427,C4H6O5_1,2Hydroxybutane14dioicacidHydroxysuccinicacidHOOCCH2CHOHCOOH,Nd+++,test
3428,C4H6O5_1,2Hydroxybutane14dioicacidHydroxysuccinicacidHOOCCH2CHOHCOOH,Nd+++,calibration_global
3429,C4H6O5_1,2Hydroxybutane14dioicacidHydroxysuccinicacidHOOCCH2CHOHCOOH,Nd+++,calibration_global
3430,C4H6O5_1,2Hydroxybutane14dioicacidHydroxysuccinicacidHOOCCH2CHOHCOOH,Nd+++,calibration_local
3449,C4H6O5_1,2Hydroxybutane14dioicacidHydroxysuccinicacidHOOCCH2CHOHCOOH,Nd+++,train
3450,C4H6O5_1,2Hydroxybutane14dioicacidHydroxysuccinicacidHOOCCH2CHOHCOOH,Nd+++,calibration_local
3451,C4H6O5_1,2Hydroxybutane14dioicacidHydroxysuccinicacidHOOCCH2CHOHCOOH,Nd+++,calibration_local
3452,C4H6O5_1,2Hydroxybutane14dioicacidHydroxysuccinicacidHOOCCH2CHOHCOOH,Nd+++,calibration_local
3470,C4H6O5_1,2Hydroxybutane14dioicacidHydroxysuccinicacidHOOCCH2CHOHCOOH,Nd+++,calibration_global
3490,C4H6O5_2,Dicarboxymethylether22OxydiethanoicacidHOOCCH2OCH2COOH,Nd+++,train
3504,C4H6O5_2,Dicarboxymethylether22OxydiethanoicacidHOOCCH2OCH2COOH,Nd+++,test
3509,C4H6O6_1,LTartaricacidL23DihydroxybutanedioicacidHOOCCHOHCHOHCOOH,Nd+++,train
3520,C4H6O6_1,LTartaricacidL23DihydroxybutanedioicacidHOOCCHOHCHOHCOOH,Nd+++,test
3531,C4H7NO3,NAcetylglycineCH3CONHCH2COOH,Nd+++,train
3551,C4H7NO4_1,IminodiethanoicacidHNCH2COOH2,Nd+++,test
3552,C4H7NO4_1,IminodiethanoicacidHNCH2COOH2,Nd+++,calibration_local
3560,C4H7NO4_1,IminodiethanoicacidHNCH2COOH2,Nd+++,train
3569,C4H7NO4_1,IminodiethanoicacidHNCH2COOH2,Nd+++,calibration_local
3570,C4H7NO4_1,IminodiethanoicacidHNCH2COOH2,Nd+++,calibration_global
3597,C4H7NO4_2,AminobutanedioicacidH2NCHCH2COOHCOOH,Nd+++,calibration_global
3598,C4H7NO4_2,AminobutanedioicacidH2NCHCH2COOHCOOH,Nd+++,calibration_global
3599,C4H7NO4_2,AminobutanedioicacidH2NCHCH2COOHCOOH,Nd+++,calibration_local
3600,C4H7NO4_2,AminobutanedioicacidH2NCHCH2COOHCOOH,Nd+++,test
3601,C4H7NO4_2,AminobutanedioicacidH2NCHCH2COOHCOOH,Nd+++,calibration_local
3602,C4H7NO4_2,AminobutanedioicacidH2NCHCH2COOHCOOH,Nd+++,train
3627,C4H7NO4_2,AminobutanedioicacidH2NCHCH2COOHCOOH,Nd+++,calibration_global
3628,C4H7NO4_2,AminobutanedioicacidH2NCHCH2COOHCOOH,Nd+++,calibration_global
3629,C4H7NO4_2,AminobutanedioicacidH2NCHCH2COOHCOOH,Nd+++,calibration_local
3645,C4H8N2O3_1,2Aminobutanedioicacid4amideH2NCHCH2CONH2COOH,Nd+++,test
3646,C4H8N2O3_1,2Aminobutanedioicacid4amideH2NCHCH2CONH2COOH,Nd+++,train
3660,C4H8N2O3_2,GlycylglycineH2NCH2CONHCH2COOH,Nd+++,train
3669,C4H8N2O4_1,HydrazineNNdiethanoicacidHOOCCH2NHNHCH2COOH,Nd+++,test
3670,C4H8N2O4_1,HydrazineNNdiethanoicacidHOOCCH2NHNHCH2COOH,Nd+++,train
3679,C4H8O2_1,nButanoicacidCH3CH2CH2COOH,Nd+++,train
3696,C4H8O2_2,2MethylpropanoicacidCH3CHCH3COOH,Nd+++,test
3697,C4H8O2_2,2MethylpropanoicacidCH3CHCH3COOH,Nd+++,train
3714,C4H8O2S_2,SEthylthioethanoicacidCH3CH2SCH2COOH,Nd+++,train
3753,C4H8O3,2Hydroxy2methylpropanoicacidCH32COHCOOH,Nd+++,train
3754,C4H8O3,2Hydroxy2methylpropanoicacidCH32COHCOOH,Nd+++,test
3755,C4H8O3,2Hydroxy2methylpropanoicacidCH32COHCOOH,Nd+++,calibration_global
3756,C4H8O3,2Hydroxy2methylpropanoicacidCH32COHCOOH,Nd+++,calibration_local
3757,C4H8O3,2Hydroxy2methylpropanoicacidCH32COHCOOH,Nd+++,calibration_local
3785,C4H8O4,23Dihydroxy2methylpropanoicacidHOCH2COHCH3COOH,Nd+++,train
3798,C4H8O5,23Dihydroxy2hydroxymethylpropanoicacidHOCH2CCH2OHOHCOOH,Nd+++,train
3810,C4H8O5,23Dihydroxy2hydroxymethylpropanoicacidHOCH2CCH2OHOHCOOH,Nd+++,test
3816,C4H9NO2,2AminobutanoicacidCH3CH2CHNH2COOH,Nd+++,train
3822,C4H9NO3,2Amino3hydroxybutanoicacidH2NCHCHOHCH3COOH,Nd+++,train
3829,C5H10N2O3_1,2Aminopentanedioicacid5amideH2NCHCH2CH2CONH2COOH,Nd+++,train
3837,C5H10N2O3_2,AlanylglycineH2NCHCH3CONHCH2COOH,Nd+++,train
3842,C5H10N2O3_3,GlycylDLalanineH2NCH2CONHCHCH3COOH,Nd+++,train
3847,C5H10N2O4,GlycylserineH2NCH2CONHCHCH2OHCOOH,Nd+++,train
3849,C5H10N2O5,3Hydroxy24diaminopentane15dioicacid,Nd+++,train
3863,C5H10O3_1,2Hydroxy2methylbutanoicacidMethylethylglycolicacidCH3CH2COHCH3COOH,Nd+++,train
3876,C5H10O3_3,2HydroxypentanoicacidCH3CH2CH2CHOHCOOH,Nd+++,train
3888,C5H10O4_1,23Dihydroxy2methylbutanoicacidCH3CHOHCOHCH3COOH,Nd+++,train
3900,C5H10O4_2,22BishydroxymethylpropanoicacidCH3CCH2OH2COOH,Nd+++,train
3910,C5H11NO2_1,2Amino3methylbutanoicacidH2NCHCHCH32COOH,Nd+++,test
3911,C5H11NO2_1,2Amino3methylbutanoicacidH2NCHCHCH32COOH,Nd+++,train
3912,C5H11NO2_1,2Amino3methylbutanoicacidH2NCHCHCH32COOH,Nd+++,calibration_global
3929,C5H11NO2_1,2Amino3methylbutanoicacidH2NCHCHCH32COOH,Nd+++,calibration_global
3939,C5H11NO2_1,2Amino3methylbutanoicacidH2NCHCHCH32COOH,Nd+++,calibration_local
3943,C5H11NO2_2,2AminopentanoicacidCH3CH2CH2CHNH2COOH,Nd+++,train
3948,C5H11NO2S_1,2Amino4methylthiobutanoicacidH2NCHCH2CH2SCH3COOH,Nd+++,train
3954,C5H11NO2S_1,2Amino4methylthiobutanoicacidH2NCHCH2CH2SCH3COOH,Nd+++,test
3957,C5H11NO2S_2,D2Amino3mercapto3methylbutanoicacidCH32CSHCHNH2COOH,Nd+++,train
3968,C5H11NO2S_2,D2Amino3mercapto3methylbutanoicacidCH32CSHCHNH2COOH,Nd+++,test
3973,C5H12NO4P,2Amino4methylhydroxyphosphorylbutanoicacid,Nd+++,train
3978,C5H12O5,XylitolHOCH2HCOHHOCHHCOHCH2OH,Nd+++,train
3987,C5H2O5,45Dihydroxycyclopent4ene123trione,Nd+++,train
3998,C5H4N2O2,Pyrazine2carboxylicacidcycloCHCHNCCOOHCHN,Nd+++,train
4002,C5H4O2S,Thiophene2carboxylicacidC4H3SCOOH,Nd+++,train
4007,C5H4O3_2,Furan2carboxylicacidC4H3OCOOH,Nd+++,train
4016,C5H4O3_3,Furan3carboxylicacidC4H3OCOOH,Nd+++,train
4027,C5H6O4_1,CitraconicacidCH3CCOOHCHCOOH,Nd+++,train
4028,C5H6O4_1,CitraconicacidCH3CCOOHCHCOOH,Nd+++,test
4042,C5H6O4_1,CitraconicacidCH3CCOOHCHCOOH,Nd+++,calibration_global
4051,C5H6O4_2,MethylenesuccinicacidHOOCCH2CCH2COOH,Nd+++,train
4052,C5H6O4_2,MethylenesuccinicacidHOOCCH2CCH2COOH,Nd+++,calibration_global
4053,C5H6O4_2,MethylenesuccinicacidHOOCCH2CCH2COOH,Nd+++,calibration_local
4054,C5H6O4_2,MethylenesuccinicacidHOOCCH2CCH2COOH,Nd+++,calibration_local
4069,C5H6O4_2,MethylenesuccinicacidHOOCCH2CCH2COOH,Nd+++,calibration_local
4082,C5H6O4_2,MethylenesuccinicacidHOOCCH2CCH2COOH,Nd+++,test
4095,C5H6O4_3,2Methyl2butenedioicacid,Nd+++,train
4100,C5H7NO4,2AcrylamidoglycolicacidCH2CHCONHCHOHCOOH,Nd+++,train
4119,C5H8O2,Pentane24dioneCH3COCH2COCH3,Nd+++,train
4131,C5H8O4_1,EthylpropanedioicacidHOOCCHC2H5COOH,Nd+++,train
4143,C5H8O4_2,MethylsuccinicacidHOOCCH2CHCH3COOH,Nd+++,train
4157,C5H8O4_3,PentanedioicacidHOOCCH2CH2CH2COOH,Nd+++,calibration_global
4158,C5H8O4_3,PentanedioicacidHOOCCH2CH2CH2COOH,Nd+++,test
4159,C5H8O4_3,PentanedioicacidHOOCCH2CH2CH2COOH,Nd+++,train
4168,C5H8O4_4,DimethylmalonicacidHOOCCCH32COOH,Nd+++,train
4176,C5H8O7,234TrihydroxypentanedioicacidTrihydroxyglutaricacidHOOCCHOH3COOH,Nd+++,train
4181,C5H9N3O4S,ThiosemicarbazonediethanoicacidH2NCSNHNCH2COOH2,Nd+++,train
4187,C5H9NO2,Pyrrolidine2carboxylicacidC4H8NCOOH,Nd+++,train
4200,C5H9NO3,4Hydroxy2pyrrolidinecarboxylicacidC4H7NOHCOOH,Nd+++,train
4206,C5H9NO4_1,2AminopentanedioicacidH2NCHCH2CH2COOHCOOH,Nd+++,test
4207,C5H9NO4_1,2AminopentanedioicacidH2NCHCH2CH2COOHCOOH,Nd+++,calibration_global
4212,C5H9NO4_1,2AminopentanedioicacidH2NCHCH2CH2COOHCOOH,Nd+++,train
4221,C5H9NO4_2,NMethyliminodiethanoicacidCH3NCH2COOH2,Nd+++,train
4240,C6H10O3,1HydroxycyclopentanecarboxylicacidHOC5H8COOH,Nd+++,train
4252,C6H10O4,16HexanedioicacidHOOCCH24COOH,Nd+++,train
4272,C6H10O6,12BiscarboxymethoxyethaneHOOCCH2OCH2CH2OCH2COOH,Nd+++,train
4273,C6H10O6,12BiscarboxymethoxyethaneHOOCCH2OCH2CH2OCH2COOH,Nd+++,test
4290,C6H10O8,D2345Tetrahydroxy16hexanedioicacidGlucaricacidHOOCCHOH4COOH,Nd+++,train
4297,C6H11N3O4,GlycylglycylglycineH2NCH2CONHCH2CONHCH2COOH,Nd+++,train
4302,C6H11NO5,N2HydroxyethyliminodiethanoicacidHOCH2CH2NCH2COOH2,Nd+++,calibration_global
4303,C6H11NO5,N2HydroxyethyliminodiethanoicacidHOCH2CH2NCH2COOH2,Nd+++,calibration_local
4320,C6H11NO5,N2HydroxyethyliminodiethanoicacidHOCH2CH2NCH2COOH2,Nd+++,calibration_local
4321,C6H11NO5,N2HydroxyethyliminodiethanoicacidHOCH2CH2NCH2COOH2,Nd+++,test
4338,C6H11NO5,N2HydroxyethyliminodiethanoicacidHOCH2CH2NCH2COOH2,Nd+++,train
4347,C6H12N2O4,12DiaminoethaneNNdiethanoicacidHOOCCH2NHCH2CH2NHCH2COOH,Nd+++,train
4349,C6H12N2O4,12DiaminoethaneNNdiethanoicacidHOOCCH2NHCH2CH2NHCH2COOH,Nd+++,calibration_global
4358,C6H12N2O4,12DiaminoethaneNNdiethanoicacidHOOCCH2NHCH2CH2NHCH2COOH,Nd+++,test
4359,C6H12N2O4,12DiaminoethaneNNdiethanoicacidHOOCCH2NHCH2CH2NHCH2COOH,Nd+++,calibration_global
4360,C6H12N2O4,12DiaminoethaneNNdiethanoicacidHOOCCH2NHCH2CH2NHCH2COOH,Nd+++,calibration_local
4371,C6H12N2O4,12DiaminoethaneNNdiethanoicacidHOOCCH2NHCH2CH2NHCH2COOH,Nd+++,calibration_local
4380,C6H12O2,HexanoicacidCH3CH24COOH,Nd+++,train
4384,C6H12O3_1,2Hydroxy2methylpentanoicacidMethylpropylglycolicacid,Nd+++,test
4385,C6H12O3_1,2Hydroxy2methylpentanoicacidMethylpropylglycolicacid,Nd+++,train
4392,C6H12O3_2,2Ethyl2hydroxybutanoicacidC2H52COHCOOH,Nd+++,train
4399,C6H12O3_3,2Hydroxy23dimethylbutanoicacidCH3CHCH3COHCH3COOH,Nd+++,train
4410,C6H12O4,23Dihydroxy23dimethylbutanoicacidCH32COHCOHCH3COOH,Nd+++,train
4420,C6H12O7_1,DGluconicacid23456PentahydroxyhexanoicacidHOCH2CHOH4COOH,Nd+++,train
4421,C6H12O7_1,DGluconicacid23456PentahydroxyhexanoicacidHOCH2CHOH4COOH,Nd+++,calibration_global
4434,C6H12O7_1,DGluconicacid23456PentahydroxyhexanoicacidHOCH2CHOH4COOH,Nd+++,test
4447,C6H13N3O3,2Amino5ureidovalericacidH2NCONHCH2CH2CH2CHNH2COOH,Nd+++,train
4464,C6H13NO2_1,2Aminohexanoicacid2AminocaproicacidCH3CH23CHNH2COOH,Nd+++,train
4468,C6H13NO2_1,2Aminohexanoicacid2AminocaproicacidCH3CH23CHNH2COOH,Nd+++,test
4481,C6H13NO2_3,2Amino4methylpentanoicacidH2NCHCH2CHCH32COOH,Nd+++,test
4482,C6H13NO2_3,2Amino4methylpentanoicacidH2NCHCH2CHCH32COOH,Nd+++,train
4483,C6H13NO2_3,2Amino4methylpentanoicacidH2NCHCH2CHCH32COOH,Nd+++,calibration_local
4497,C6H13NO2_3,2Amino4methylpentanoicacidH2NCHCH2CHCH32COOH,Nd+++,calibration_local
4501,C6H13NO2_3,2Amino4methylpentanoicacidH2NCHCH2CHCH32COOH,Nd+++,calibration_global
4506,C6H13NO2_4,2Amino3methylpentanoicacidCH3CH2CHCH3CHNH2COOH,Nd+++,train
4510,C6H13NO2_4,2Amino3methylpentanoicacidCH3CH2CHCH3CHNH2COOH,Nd+++,test
4515,C6H13NO4,NNBis2hydroxyethylglycineHOCH2CH22NCH2COOH,Nd+++,test
4536,C6H13NO4,NNBis2hydroxyethylglycineHOCH2CH22NCH2COOH,Nd+++,calibration_global
4549,C6H13NO4,NNBis2hydroxyethylglycineHOCH2CH22NCH2COOH,Nd+++,train
4561,C6H14N2O2,26DiaminohexanoicacidH2NCH24CHNH2COOH,Nd+++,train
4569,C6H20N2O12P4,Ethane12bisiminobismethylenephosphonicacidH2O3PCH22NCH22,Nd+++,train
4598,C6H5NO2_1,2PyridinecarboxylicacidC5H4NCOOH,Nd+++,calibration_local
4599,C6H5NO2_1,2PyridinecarboxylicacidC5H4NCOOH,Nd+++,train
4600,C6H5NO2_1,2PyridinecarboxylicacidC5H4NCOOH,Nd+++,calibration_global
4631,C6H5NO2_1,2PyridinecarboxylicacidC5H4NCOOH,Nd+++,test
4632,C6H5NO2_1,2PyridinecarboxylicacidC5H4NCOOH,Nd+++,calibration_local
4633,C6H5NO2_1,2PyridinecarboxylicacidC5H4NCOOH,Nd+++,calibration_local
4653,C6H5NO2_2,3PyridinecarboxylicacidC5H4NCOOH,Nd+++,train
4669,C6H5NO3_3,Pyridine2carboxylicacidNoxidePicolinicacidNoxideC5H4NOCOO,Nd+++,train
4681,C6H5NO4_1,24Dihydroxy1nitrobenzeneO2NC6H3OH2,Nd+++,train
4693,C6H5NO4_2,12Dihydroxy4nitrobenzeneO2NC6H3OH2,Nd+++,train
4704,C6H5O4Br,6Bromo5hydroxy2hydroxymethyl4Hpyran4one,Nd+++,train
4717,C6H5O4I,6Iodo5hydroxy2hydroxymethyl4Hpyran4one,Nd+++,train
4737,C6H6O2_1,12DihydroxybenzenepyrocatecholHOC6H4OH,Nd+++,calibration_global
4738,C6H6O2_1,12DihydroxybenzenepyrocatecholHOC6H4OH,Nd+++,calibration_global
4739,C6H6O2_1,12DihydroxybenzenepyrocatecholHOC6H4OH,Nd+++,calibration_local
4740,C6H6O2_1,12DihydroxybenzenepyrocatecholHOC6H4OH,Nd+++,test
4741,C6H6O2_1,12DihydroxybenzenepyrocatecholHOC6H4OH,Nd+++,calibration_local
4742,C6H6O2_1,12DihydroxybenzenepyrocatecholHOC6H4OH,Nd+++,calibration_local
4768,C6H6O2_1,12DihydroxybenzenepyrocatecholHOC6H4OH,Nd+++,train
4777,C6H6O2_1,12DihydroxybenzenepyrocatecholHOC6H4OH,Nd+++,calibration_global
4785,C6H6O2_2,13DihydroxybenzeneHOC6H4OH,Nd+++,calibration_global
4786,C6H6O2_2,13DihydroxybenzeneHOC6H4OH,Nd+++,test
4787,C6H6O2_2,13DihydroxybenzeneHOC6H4OH,Nd+++,train
4800,C6H6O3_2,123TrihydroxybenzeneC6H3OH3,Nd+++,train
4801,C6H6O3_2,123TrihydroxybenzeneC6H3OH3,Nd+++,test
4812,C6H6O3_3,135TrihydroxybenzeneC6H3OH3,Nd+++,calibration_global
4813,C6H6O3_3,135TrihydroxybenzeneC6H3OH3,Nd+++,train
4814,C6H6O3_3,135TrihydroxybenzeneC6H3OH3,Nd+++,test
4827,C6H6O3_4,3Hydroxy2methyl4Hpyran4one,Nd+++,test
4828,C6H6O3_4,3Hydroxy2methyl4Hpyran4one,Nd+++,train
4840,C6H6O4,5Hydroxy2hydroxymethyl4Hpyran4one,Nd+++,test
4853,C6H6O4,5Hydroxy2hydroxymethyl4Hpyran4one,Nd+++,train
4861,C6H6O6,cis123PropenetricarboxylicacidcisAconiticacidHOOCCHCCOOHCH2COOH,Nd+++,train
4878,C6H6O8S2,45Dihydroxybenzene13disulfonicacidHO2C6H2SO3H2,Nd+++,calibration_global
4879,C6H6O8S2,45Dihydroxybenzene13disulfonicacidHO2C6H2SO3H2,Nd+++,train
4897,C6H6O8S2,45Dihydroxybenzene13disulfonicacidHO2C6H2SO3H2,Nd+++,test
4908,C6H7N3O,Pyridine4carboxylicacidhydrazideC5H4NCONHNH2,Nd+++,train
4916,C6H8N2,Phenylhydrazine,Nd+++,train
4925,C6H8O4,2AllylpropanedioicacidHOOCCHCH2CHCH2COOH,Nd+++,train
4944,C6H8O6S,CarboxymethylthiobutanedioicacidHOOCCHSCH2COOHCH2COOH,Nd+++,train
4945,C6H8O6S,CarboxymethylthiobutanedioicacidHOOCCHSCH2COOHCH2COOH,Nd+++,calibration_global
4950,C6H8O6S,CarboxymethylthiobutanedioicacidHOOCCHSCH2COOHCH2COOH,Nd+++,test
4960,C6H8O7_1,2Hydroxypropane123tricarboxylicacidHOOCCH2CHOHCOOHCH2COOH,Nd+++,train
4976,C6H8O7_2,CarboxymethoxysuccinicacidHOOCCH2OCHCOOHCH2COOH,Nd+++,train
4986,C6H9N3O2,2Amino34imidazolylpropanoicacidH2NCHCH2C3H3N2COOH,Nd+++,train
4987,C6H9N3O2,2Amino34imidazolylpropanoicacidH2NCHCH2C3H3N2COOH,Nd+++,test
5013,C6H9NO6,NitrilotriethanoicacidNCH2COOH3,Nd+++,calibration_local
5014,C6H9NO6,NitrilotriethanoicacidNCH2COOH3,Nd+++,calibration_local
5028,C6H9NO6,NitrilotriethanoicacidNCH2COOH3,Nd+++,calibration_local
5029,C6H9NO6,NitrilotriethanoicacidNCH2COOH3,Nd+++,calibration_local
5053,C6H9NO6,NitrilotriethanoicacidNCH2COOH3,Nd+++,test
5054,C6H9NO6,NitrilotriethanoicacidNCH2COOH3,Nd+++,train
5055,C6H9NO6,NitrilotriethanoicacidNCH2COOH3,Nd+++,calibration_local
5056,C6H9NO6,NitrilotriethanoicacidNCH2COOH3,Nd+++,calibration_global
5072,C6H9NO6,NitrilotriethanoicacidNCH2COOH3,Nd+++,calibration_global
5090,C7H11NO4,Piperidine26dicarboxylicacidC5H9NCOOH2,Nd+++,train
5101,C7H11NO6_1,Nitrilo2propanoicdiethanoicacidHOOCCHCH3NCH2COOH2,Nd+++,train
5113,C7H11NO6_2,2AminobutanoicNpropane13dioicacidHOOCCHC2H5NHCHCOOH2,Nd+++,train
5121,C7H12N2O3_1,ProlylglycineC4H8NCONHCH2COOH,Nd+++,train
5130,C7H12N2O3_2,GlycylprolineH2NCH2CONC4H7COOH,Nd+++,train
5142,C7H12O3,2HydroxycyclohexanecarboxylicacidHOC6H10COOH,Nd+++,train
5154,C7H12O4,DiethylpropanedioicacidDiethylmalonicacidHOOCCC2H52COOH,Nd+++,train
5174,C7H12O6,1345Tetrahydroxycyclohexane1carboxylicacid,Nd+++,train
5179,C7H13NO5_1,4Hydroxy2aminopentane15dioicacid,Nd+++,train
5189,C7H13NO6,N23DihydroxypropyliminodiethanoicacidHOCH2CHOHCH2NCH2COOH2,Nd+++,train
5195,C7H14N2O3,GlycylvalineH2NCH2CONHCHCHCH32COOH,Nd+++,train
5201,C7H14N2O3S,GlycylmethionineH2NCH2CONHCHCH2CH2SCH3COOH,Nd+++,train
5208,C7H14O3_1,2Hydroxy24dimethylpentanoicacidCH32CHCH2CCH3OHCOOH,Nd+++,train
5232,C7H15NO4,NNBis2hydroxyethylalanineHOCH2CH22NCHCH3COOH,Nd+++,train
5242,C7H4N2O7,35DinitrosalicylicacidO2N2C6H2OHCOOH,Nd+++,test
5247,C7H4N2O7,35DinitrosalicylicacidO2N2C6H2OHCOOH,Nd+++,train
5261,C7H5NO4_2,3NitrobenzoicacidO2NC6H4COOH,Nd+++,train
5272,C7H5NO4_3,4NitrobenzoicacidO2NC6H4COOH,Nd+++,train
5283,C7H5O2F_1,3FluorobenzoicacidFC6H4COOH,Nd+++,train
5295,C7H5O2F_2,4FluorobenzoicacidFC6H4COOH,Nd+++,train
5308,C7H6O2_1,BenzenecarboxylicacidC6H5COOH,Nd+++,train
5323,C7H6O2_2,2Hydroxycyclohepta246trien1one,Nd+++,train
5329,C7H6O3_1,2HydroxybenzoicacidSalicylicacidHOC6H4COOH,Nd+++,train
5333,C7H6O3_1,2HydroxybenzoicacidSalicylicacidHOC6H4COOH,Nd+++,test
5340,C7H6O3_1,2HydroxybenzoicacidSalicylicacidHOC6H4COOH,Nd+++,calibration_global
5349,C7H6O3_2,4HydroxybenzoicacidHOC6H4COOH,Nd+++,train
5356,C7H6O4_1,24DihydroxybenzoicacidbResorcylicacidC6H3OH2COOH,Nd+++,train
5357,C7H6O4_1,24DihydroxybenzoicacidbResorcylicacidC6H3OH2COOH,Nd+++,test
5358,C7H6O4_1,24DihydroxybenzoicacidbResorcylicacidC6H3OH2COOH,Nd+++,calibration_global
5359,C7H6O4_1,24DihydroxybenzoicacidbResorcylicacidC6H3OH2COOH,Nd+++,calibration_local
5374,C7H6O4_2,34DihydroxybenzoicacidC6H3OH2COOH,Nd+++,calibration_local
5375,C7H6O4_2,34DihydroxybenzoicacidC6H3OH2COOH,Nd+++,calibration_global
5376,C7H6O4_2,34DihydroxybenzoicacidC6H3OH2COOH,Nd+++,test
5377,C7H6O4_2,34DihydroxybenzoicacidC6H3OH2COOH,Nd+++,train
5388,C7H6O5,345TrihydroxybenzoicacidC6H2OH3COOH,Nd+++,train
5393,C7H6O5S,2CarboxybenzenesulfonicacidHOOCC6H4SO3H,Nd+++,train
5414,C7H6O6S,5Sulfosalicylicacid2Hydroxy5sulfobenzoicHO3SC6H3OHCOOH,Nd+++,test
5415,C7H6O6S,5Sulfosalicylicacid2Hydroxy5sulfobenzoicHO3SC6H3OHCOOH,Nd+++,calibration_global
5416,C7H6O6S,5Sulfosalicylicacid2Hydroxy5sulfobenzoicHO3SC6H3OHCOOH,Nd+++,calibration_local
5432,C7H6O6S,5Sulfosalicylicacid2Hydroxy5sulfobenzoicHO3SC6H3OHCOOH,Nd+++,train
5442,C7H6O9S2,35DisulfosalicylicacidHO3S2C6H2OHCOOH,Nd+++,train
5461,C7H7NO2_1,2AminobenzoicacidAnthranilicacidH2NC6H4COOH,Nd+++,calibration_global
5469,C7H7NO2_1,2AminobenzoicacidAnthranilicacidH2NC6H4COOH,Nd+++,train
5472,C7H7NO2_1,2AminobenzoicacidAnthranilicacidH2NC6H4COOH,Nd+++,test
5476,C7H7NO2_1,2AminobenzoicacidAnthranilicacidH2NC6H4COOH,Nd+++,calibration_local
5485,C7H7NO2_2,4AminobenzoicacidH2NC6H4COOH,Nd+++,test
5496,C7H7NO2_2,4AminobenzoicacidH2NC6H4COOH,Nd+++,train
5503,C7H7NO3,2HydroxybenzohydroxamicacidsalicylhydroxamicacidHOC6H4CONHOH,Nd+++,train
5507,C7H7NO5S,5Sulfoanthranilicacid5sulfo2aminobenzoicacid,Nd+++,train
5518,C7H7NO6S,3Amino5sulfosalicylicacid,Nd+++,train
5524,C7H8O3,2Ethyl3hydroxy4Hpyran4one,Nd+++,train
5533,C7H8O4,3Hydroxy6hydroxymethyl2methyl4Hpyran4one,Nd+++,train
5546,C7H8O5,3Hydroxy26bishydroxymethyl4Hpyran4one,Nd+++,train
5565,C8H10O5,7Oxabicyclo221heptan23dicarboxylicacid,Nd+++,train
5572,C8H11NO3,5Hydroxy6methyl34pyridinedimethanolPyridoxine,Nd+++,train
5581,C8H11NO8,AminodibutanedioicacidHNCHCOOHCH2COOH2,Nd+++,train
5588,C8H11NO9P2,2Hydroxy5nitro13phenylenebismethylenebisphosphonicacid,Nd+++,train
5593,C8H11O7ClP2,5Chloro2hydroxy13phenylenebismethylenebisphosphonicacid,Nd+++,train
5613,C8H12N2O8,12DiaminoethaneNNdimalonicacidHOOC2CHNHCH2CH2NHCHCOOH2,Nd+++,test
5614,C8H12N2O8,12DiaminoethaneNNdimalonicacidHOOC2CHNHCH2CH2NHCHCOOH2,Nd+++,train
5631,C8H12O4,Cyclohexane14dicarboxylicacidC6H10COOH2,Nd+++,train
5642,C8H13NO6_1,2Amino2carboxypropaneNNdiethanoicacidHOOCCCH32NCH2COOH2,Nd+++,train
5653,C8H13NO6_2,2AminobutanoicNNdiethanoicacidCH3CH2CHCOOHNCH2COOH2,Nd+++,train
5659,C8H13NO6S,2Mercapto1aminoethaneNNStriethanoicacidHOOCCH2SCH2CH2NCH2COOH2,Nd+++,train
5662,C8H14O4,OctanedioicacidHOOCCH26COOH,Nd+++,train
5666,C8H16N2O3_1,GlycylleucineH2NCH2CONHCHCH2CHCH32COOH,Nd+++,train
5671,C8H16N2O3_2,LeucylglycineH2NCHCH2CHCH32CONHCH2COOH,Nd+++,train
5677,C8H16O3,2Hydroxy2propylpentanoicacidCH3CH2CH2COHCH2CH2CH3COOH,Nd+++,train
5692,C8H19NO5,Bis2hydroxyethyliminotrishydroxymethylmethane,Nd+++,train
5698,C8H22N2O6P2_1,22Ethylenediiminobispropylphosphonicacid,Nd+++,train
5707,C8H5O2F3S,444Trifluoro12thienylbutane13dioneF3CCOCH2COC4H3S,Nd+++,train
5717,C8H6O4_1,Benzene12dicarboxylicacidC6H4COOH2,Nd+++,calibration_local
5718,C8H6O4_1,Benzene12dicarboxylicacidC6H4COOH2,Nd+++,test
5719,C8H6O4_1,Benzene12dicarboxylicacidC6H4COOH2,Nd+++,calibration_global
5731,C8H6O4_1,Benzene12dicarboxylicacidC6H4COOH2,Nd+++,train
5742,C8H6O4_2,Benzene13dicarboxylicacidC6H4COOH2,Nd+++,train
5750,C8H7NO3,benzoylhydroxamicacidC6H5COCONHOH,Nd+++,train
5767,C8H8O2,PhenylethanoicacidC6H5CH2COOH,Nd+++,train
5768,C8H8O2,PhenylethanoicacidC6H5CH2COOH,Nd+++,test
5777,C8H8O2,PhenylethanoicacidC6H5CH2COOH,Nd+++,calibration_global
5795,C8H8O3_1,2Phenyl2hydroxyethanoicacidC6H5CHOHCOOH,Nd+++,test
5796,C8H8O3_1,2Phenyl2hydroxyethanoicacidC6H5CHOHCOOH,Nd+++,train
5797,C8H8O3_1,2Phenyl2hydroxyethanoicacidC6H5CHOHCOOH,Nd+++,calibration_local
5811,C8H8O3_1,2Phenyl2hydroxyethanoicacidC6H5CHOHCOOH,Nd+++,calibration_global
5813,C8H8O3_1,2Phenyl2hydroxyethanoicacidC6H5CHOHCOOH,Nd+++,calibration_local
5823,C8H8O3_2,2MethoxybenzoicacidCH3OC6H4COOH,Nd+++,test
5830,C8H8O3_2,2MethoxybenzoicacidCH3OC6H4COOH,Nd+++,train
5839,C8H8O3_3,3MethoxybenzoicacidCH3OC6H4COOH,Nd+++,train
5851,C8H8O3_4,4MethoxybenzoicacidCH3OC6H4COOH,Nd+++,train
5857,C8H8O3_5,3MethoxysalicylaldehydeCH3OC6H3OHCHO,Nd+++,train
5862,C8H8O9,Tetrahydrofuran2345tetracarboxylicacid,Nd+++,train
5870,C8H9N3O2,AcylnicotinoylhydrazideC5H4NCONHNHCOCH3,Nd+++,train
5881,C8H9NO2_1,PhenylacetohydroxamicacidC6H5CH2CONHOH,Nd+++,test
5882,C8H9NO2_1,PhenylacetohydroxamicacidC6H5CH2CONHOH,Nd+++,train
5888,C8H9NO2_2,3Methyl2aminobenzoicacidCH3C6H3NH2COOH,Nd+++,train
5891,C8H9NO2S,4AminophenylthioethanoicacidH2NC6H4SCH2COOH,Nd+++,train
5899,C9H10O2,3PhenylpropanoicacidC6H5CH2CH2COOH,Nd+++,test
5900,C9H10O2,3PhenylpropanoicacidC6H5CH2CH2COOH,Nd+++,train
5913,C9H10O3_1,2Hydroxy2phenylpropanoicacidCH3COHC6H5COOH,Nd+++,train
5926,C9H10O3_2,2Methoxy2phenylethanoicacidC6H5CHOCH3COOH,Nd+++,train
5938,C9H10O3_3,2Phenyl3hydroxypropanoicacidHOCH2CHCOOHC6H5,Nd+++,train
5951,C9H10O4_1,Bicyclo221hept5en2endo3cisdicarboxylicacid,Nd+++,train
5964,C9H10O4_2,endocisBicyclo2215hepten23dicarboxylicacid,Nd+++,train
5977,C9H10O5_1,1Methylexoexo7oxabicyclo221hept5ene23dicarboxylicacid,Nd+++,train
5990,C9H10O5_2,1Methyl7oxabicyclo221hept5en2exo3cisdicarboxylicacid,Nd+++,train
6001,C9H10O8,cis1234CyclopentanetetracarboxylicacidC5H6COOH4,Nd+++,train
6009,C9H11NO2,2Amino3phenylpropanoicacidH2NCHCH2C6H5COOH,Nd+++,test
6012,C9H11NO2,2Amino3phenylpropanoicacidH2NCHCH2C6H5COOH,Nd+++,train
6022,C9H11NO2,2Amino3phenylpropanoicacidH2NCHCH2C6H5COOH,Nd+++,calibration_global
6038,C9H12N2O10,23DiaminopropanoicNNdi13propanedioicacidHOOC2CHNHCHCOOHCH2NHCHCOOH2,Nd+++,train
6039,C9H12N2O10,23DiaminopropanoicNNdi13propanedioicacidHOOC2CHNHCHCOOHCH2NHCHCOOH2,Nd+++,test
6048,C9H12N2O6,Uracil1betaDribofuranoside,Nd+++,train
6049,C9H12N2O6,Uracil1betaDribofuranoside,Nd+++,test
6059,C9H13N3O5,CytidineCytosine1betaDribofuranoside,Nd+++,test
6060,C9H13N3O5,CytidineCytosine1betaDribofuranoside,Nd+++,train
6061,C9H13N3O5,CytidineCytosine1betaDribofuranoside,Nd+++,calibration_global
6075,C9H13NO6,26DicarboxypiperidylNethanoicacid,Nd+++,train
6085,C9H14O7P2,Hydroxy4methylbenzene26dimethylphosphonicacid,Nd+++,train
6094,C9H15NO6,2AminopentanoicNNdiethanoicacidC3H7CCOOHNCH2COOH2,Nd+++,train
6106,C9H16N2O6,NMethyldiaminoethaneNNNtriethanoicacidHOOCCH2NCH3CH2CH2NCH2COOH2,Nd+++,train
6119,C9H16O4_1,DipropylpropanedioicacidDinpropylmalonicacid,Nd+++,train
6124,C9H16O4_2,NonanedioicacidHOOCCH27COOH,Nd+++,train
6125,C9H17NO5,N24Dihydroxy33dimethylbutyryl3aminopropanoicacid,Nd+++,train
6127,C9H5NOCl2,57Dichloro8hydroxyquinoline,Nd+++,train
6144,C9H6NO4BrS,7Bromo8hydroxyquinoline5sulfonicacid,Nd+++,train
6154,C9H6NO4IS,7Iodo8hydroxyquinoline5sulfonicacidHOHO3SC9H4NI,Nd+++,train
6167,C9H6O6_1,123BenzenetricarboxylicacidC6H3COOH3,Nd+++,train
6180,C9H7N,Quinoline,Nd+++,train
6191,C9H7N3O2S,42ThiazolylazoresorcinolC3H2NSNNC6H3OH2,Nd+++,train
6200,C9H7NO,8Hydroxyquinoline8quinolinol,Nd+++,train
6206,C9H8O2,transCinnamicacidC6H5CHCHCOOH,Nd+++,train
6215,C9H8O4_1,Bicyclo221hepta25diene23dicarboxylicacid,Nd+++,train
6226,C9H8O4_2,3Carboxy4methyltropolone,Nd+++,train
6234,C9H9O2Br,3Bromo2hydroxy5methylacetophenoneCH3COC6H2OHBrCH3,Nd+++,train
6260,Cl,Chloride,Nd+++,calibration_global
6268,Cl,Chloride,Nd+++,test
6277,Cl,Chloride,Nd+++,train
6278,Cl,Chloride,Nd+++,calibration_local
6315,CO3,Carbonate,Nd+++,train
6316,CO3,Carbonate,Nd+++,test
6362,F,Fluoride,Nd+++,calibration_local
6363,F,Fluoride,Nd+++,calibration_local
6364,F,Fluoride,Nd+++,test
6383,F,Fluoride,Nd+++,train
6398,F,Fluoride,Nd+++,calibration_local
6418,F,Fluoride,Nd+++,calibration_local
6419,F,Fluoride,Nd+++,calibration_global
6435,N2H4,HydrazineH2NNH2,Nd+++,train
6437,N3,Azide,Nd+++,calibration_global
6438,N3,Azide,Nd+++,test
6439,N3,Azide,Nd+++,train
6445,NH3O,HydroxylamineNH2OH,Nd+++,train
6480,NO3,Nitrate,Nd+++,calibration_local
6481,NO3,Nitrate,Nd+++,calibration_global
6482,NO3,Nitrate,Nd+++,test
6483,NO3,Nitrate,Nd+++,train
6484,NO3,Nitrate,Nd+++,calibration_local
6485,NO3,Nitrate,Nd+++,calibration_global
6504,NO3,Nitrate,Nd+++,calibration_local
6507,NO3,Nitrate,Nd+++,calibration_local
6515,P2O7,DiphosphatefromHO2POOPOOH2,Nd+++,train
6519,P3O10,TripolyphosphatefromHO2POOPOOHOPOOH2,Nd+++,train
6539,SCN,Thiocyanate,Nd+++,train
6540,SCN,Thiocyanate,Nd+++,test
6571,SO4,Sulfate,Nd+++,train
